130000-0.0	Source of report of A00 (cholera)
130002-0.0	Source of report of A01 (typhoid and paratyphoid fevers)
130004-0.0	Source of report of A02 (other salmonella infections)
130006-0.0	Source of report of A03 (shigellosis)
130008-0.0	Source of report of A04 (other bacterial intestinal infections)
130010-0.0	Source of report of A05 (other bacterial foodborne intoxications)
130012-0.0	Source of report of A06 (amoebiasis)
130014-0.0	Source of report of A07 (other protozoal intestinal diseases)
130016-0.0	Source of report of A08 (viral and other specified intestinal infections)
130018-0.0	Source of report of A09 (diarrhoea and gastro-enteritis of presumed infectious origin)
130020-0.0	"Source of report of A15 (respiratory tuberculosis, bacteriologically and histologically confirmed)"
130022-0.0	"Source of report of A16 (respiratory tuberculosis, not confirmed bacteriologically or histologically)"
130024-0.0	Source of report of A17 (tuberculosis of nervous system)
130026-0.0	Source of report of A18 (tuberculosis of other organs)
130028-0.0	Source of report of A19 (miliary tuberculosis)
130030-0.0	Source of report of A20 (plague)
130034-0.0	Source of report of A22 (anthrax)
130036-0.0	Source of report of A23 (brucellosis)
130038-0.0	Source of report of A24 (glanders and melioidosis)
130040-0.0	Source of report of A25 (rat-bite fevers)
130042-0.0	Source of report of A26 (erysipeloid)
130044-0.0	Source of report of A27 (leptospirosis)
130046-0.0	"Source of report of A28 (other zoonotic bacterial diseases, not elsewhere classified)"
130048-0.0	Source of report of A30 (leprosy [hansen's disease])
130050-0.0	Source of report of A31 (infection due to other mycobacteria)
130052-0.0	Source of report of A32 (listeriosis)
130054-0.0	Source of report of A33 (tetanus neonatorum)
130058-0.0	Source of report of A35 (other tetanus)
130060-0.0	Source of report of A36 (diphtheria)
130062-0.0	Source of report of A37 (whooping cough)
130064-0.0	Source of report of A38 (scarlet fever)
130066-0.0	Source of report of A39 (meningococcal infection)
130068-0.0	Source of report of A40 (streptococcal septicaemia)
130070-0.0	Source of report of A41 (other septicaemia)
130072-0.0	Source of report of A42 (actinomycosis)
130074-0.0	Source of report of A43 (nocardiosis)
130076-0.0	Source of report of A44 (bartonellosis)
130078-0.0	Source of report of A46 (erysipelas)
130080-0.0	"Source of report of A48 (other bacterial diseases, not elsewhere classified)"
130082-0.0	Source of report of A49 (bacterial infection of unspecified site)
130084-0.0	Source of report of A50 (congenital syphilis)
130086-0.0	Source of report of A51 (early syphilis)
130088-0.0	Source of report of A52 (late syphilis)
130090-0.0	Source of report of A53 (other and unspecified syphilis)
130092-0.0	Source of report of A54 (gonococcal infection)
130094-0.0	Source of report of A55 (chlamydial lymphogranuloma (venereum))
130096-0.0	Source of report of A56 (other sexually transmitted chlamydial diseases)
130100-0.0	Source of report of A58 (granuloma inguinale)
130102-0.0	Source of report of A59 (trichomoniasis)
130104-0.0	Source of report of A60 (anogenital herpesviral [herpes simplex] infections)
130106-0.0	"Source of report of A63 (other predominantly sexually transmitted diseases, not elsewhere classified)"
130108-0.0	Source of report of A64 (unspecified sexually transmitted disease)
130112-0.0	Source of report of A66 (yaws)
130114-0.0	Source of report of A67 (pinta [carate])
130116-0.0	Source of report of A68 (relapsing fevers)
130118-0.0	Source of report of A69 (other spirochaetal infections)
130120-0.0	Source of report of A70 (chlamydia psittaci infection)
130122-0.0	Source of report of A71 (trachoma)
130124-0.0	Source of report of A74 (other diseases caused by chlamydiae)
130126-0.0	Source of report of A75 (typhus fever)
130128-0.0	Source of report of A77 (spotted fever [tick-borne rickettsioses])
130130-0.0	Source of report of A78 (q fever)
130132-0.0	Source of report of A79 (other rickettsioses)
130134-0.0	Source of report of A80 (acute poliomyelitis)
130136-0.0	Source of report of A81 (atypical virus infections of central nervous system)
130138-0.0	Source of report of A82 (rabies)
130140-0.0	Source of report of A83 (mosquito-borne viral encephalitis)
130142-0.0	Source of report of A84 (tick-borne viral encephalitis)
130144-0.0	"Source of report of A85 (other viral encephalitis, not elsewhere classified)"
130146-0.0	Source of report of A86 (unspecified viral encephalitis)
130148-0.0	Source of report of A87 (viral meningitis)
130150-0.0	"Source of report of A88 (other viral infections of central nervous system, not elsewhere classified)"
130152-0.0	Source of report of A89 (unspecified viral infection of central nervous system)
130154-0.0	Source of report of A90 (dengue fever [classical dengue])
130156-0.0	Source of report of A91 (dengue haemorrhagic fever)
130158-0.0	Source of report of A92 (other mosquito-borne viral fevers)
130160-0.0	"Source of report of A93 (other arthropod-borne viral fevers, not elsewhere classified)"
130162-0.0	Source of report of A94 (unspecified arthropod-borne viral fever)
130164-0.0	Source of report of A95 (yellow fever)
130168-0.0	Source of report of A97 (dengue)
130170-0.0	"Source of report of A98 (other viral haemorrhagic fevers, not elsewhere classified)"
130174-0.0	Source of report of B00 (herpesviral [herpes simplex] infections)
130176-0.0	Source of report of B01 (varicella [chickenpox])
130178-0.0	Source of report of B02 (zoster [herpes zoster])
130180-0.0	Source of report of B03 (smallpox)
130184-0.0	Source of report of B05 (measles)
130186-0.0	Source of report of B06 (rubella [german measles])
130188-0.0	Source of report of B07 (viral warts)
130190-0.0	"Source of report of B08 (other viral infections characterised by skin and mucous membrane lesions, not elsewhere classified)"
130192-0.0	Source of report of B09 (unspecified viral infection characterised by skin and mucous membrane lesions)
130194-0.0	Source of report of B15 (acute hepatitis a)
130196-0.0	Source of report of B16 (acute hepatitis b)
130198-0.0	Source of report of B17 (other acute viral hepatitis)
130200-0.0	Source of report of B18 (chronic viral hepatitis)
130202-0.0	Source of report of B19 (unspecified viral hepatitis)
130204-0.0	Source of report of B20 (human immunodeficiency virus [hiv] disease resulting in infectious and parasitic diseases)
130206-0.0	Source of report of B21 (human immunodeficiency virus [hiv] disease resulting in malignant neoplasms)
130208-0.0	Source of report of B22 (human immunodeficiency virus [hiv] disease resulting in other specified diseases)
130210-0.0	Source of report of B23 (human immunodeficiency virus [hiv] disease resulting in other conditions)
130212-0.0	Source of report of B24 (unspecified human immunodeficiency virus [hiv] disease)
130214-0.0	Source of report of B25 (cytomegaloviral disease)
130216-0.0	Source of report of B26 (mumps)
130218-0.0	Source of report of B27 (infectious mononucleosis)
130220-0.0	Source of report of B30 (viral conjunctivitis)
130222-0.0	"Source of report of B33 (other viral diseases, not elsewhere classified)"
130224-0.0	Source of report of B34 (viral infection of unspecified site)
130226-0.0	Source of report of B35 (dermatophytosis)
130228-0.0	Source of report of B36 (other superficial mycoses)
130230-0.0	Source of report of B37 (candidiasis)
130232-0.0	Source of report of B38 (coccidioidomycosis)
130234-0.0	Source of report of B39 (histoplasmosis)
130236-0.0	Source of report of B40 (blastomycosis)
130240-0.0	Source of report of B42 (sporotrichosis)
130242-0.0	Source of report of B43 (chromomycosis and phaeomycotic abscess)
130244-0.0	Source of report of B44 (aspergillosis)
130246-0.0	Source of report of B45 (cryptococcosis)
130248-0.0	Source of report of B46 (zygomycosis)
130250-0.0	Source of report of B47 (mycetoma)
130252-0.0	"Source of report of B48 (other mycoses, not elsewhere classified)"
130254-0.0	Source of report of B49 (unspecified mycosis)
130256-0.0	Source of report of B50 (plasmodium falciparum malaria)
130258-0.0	Source of report of B51 (plasmodium vivax malaria)
130260-0.0	Source of report of B52 (plasmodium malariae malaria)
130262-0.0	Source of report of B53 (other parasitologically confirmed malaria)
130264-0.0	Source of report of B54 (unspecified malaria)
130266-0.0	Source of report of B55 (leishmaniasis)
130270-0.0	Source of report of B57 (chagas' disease)
130272-0.0	Source of report of B58 (toxoplasmosis)
130274-0.0	Source of report of B59 (pneumocystosis)
130276-0.0	"Source of report of B60 (other protozoal diseases, not elsewhere classified)"
130280-0.0	Source of report of B65 (schistosomiasis [bilharziasis])
130282-0.0	Source of report of B66 (other fluke infections)
130284-0.0	Source of report of B67 (echinococcosis)
130286-0.0	Source of report of B68 (taeniasis)
130288-0.0	Source of report of B69 (cysticercosis)
130292-0.0	Source of report of B71 (other cestode infections)
130296-0.0	Source of report of B73 (onchocerciasis)
130298-0.0	Source of report of B74 (filariasis)
130300-0.0	Source of report of B75 (trichinellosis)
130302-0.0	Source of report of B76 (hookworm diseases)
130304-0.0	Source of report of B77 (ascariasis)
130306-0.0	Source of report of B78 (strongyloidiasis)
130308-0.0	Source of report of B79 (trichuriasis)
130310-0.0	Source of report of B80 (enterobiasis)
130312-0.0	"Source of report of B81 (other intestinal helminthiases, not elsewhere classified)"
130314-0.0	Source of report of B82 (unspecified intestinal parasitism)
130316-0.0	Source of report of B83 (other helminthiases)
130318-0.0	Source of report of B85 (pediculosis and phthiriasis)
130320-0.0	Source of report of B86 (scabies)
130322-0.0	Source of report of B87 (myiasis)
130324-0.0	Source of report of B88 (other infestations)
130326-0.0	Source of report of B89 (unspecified parasitic disease)
130328-0.0	Source of report of B90 (sequelae of tuberculosis)
130330-0.0	Source of report of B91 (sequelae of poliomyelitis)
130334-0.0	Source of report of B94 (sequelae of other and unspecified infectious and parasitic diseases)
130336-0.0	Source of report of B95 (streptococcus and staphylococcus as the cause of diseases classified to other chapters)
130338-0.0	Source of report of B96 (other bacterial agents as the cause of diseases classified to other chapters)
130340-0.0	Source of report of B97 (viral agents as the cause of diseases classified to other chapters)
130342-0.0	Source of report of B98 (other specified infectious agents as the cause of diseases classified to other chapters)
130344-0.0	Source of report of B99 (other and unspecified infectious diseases)
130622-0.0	Source of report of D50 (iron deficiency anaemia)
130624-0.0	Source of report of D51 (vitamin b12 deficiency anaemia)
130626-0.0	Source of report of D52 (folate deficiency anaemia)
130628-0.0	Source of report of D53 (other nutritional anaemias)
130630-0.0	Source of report of D55 (anaemia due to enzyme disorders)
130632-0.0	Source of report of D56 (thalassaemia)
130634-0.0	Source of report of D57 (sickle-cell disorders)
130636-0.0	Source of report of D58 (other hereditary haemolytic anaemias)
130638-0.0	Source of report of D59 (acquired haemolytic anaemia)
130640-0.0	Source of report of D60 (acquired pure red cell aplasia [erythroblastopenia])
130642-0.0	Source of report of D61 (other aplastic anaemias)
130644-0.0	Source of report of D62 (acute posthaemorrhagic anaemia)
130646-0.0	Source of report of D63 (anaemia in chronic diseases classified elsewhere)
130648-0.0	Source of report of D64 (other anaemias)
130650-0.0	Source of report of D65 (disseminated intravascular coagulation [defibrination syndrome])
130652-0.0	Source of report of D66 (hereditary factor viii deficiency)
130654-0.0	Source of report of D67 (hereditary factor ix deficiency)
130656-0.0	Source of report of D68 (other coagulation defects)
130658-0.0	Source of report of D69 (purpura and other haemorrhagic conditions)
130660-0.0	Source of report of D70 (agranulocytosis)
130662-0.0	Source of report of D71 (functional disorders of polymorphonuclear neutrophils)
130664-0.0	Source of report of D72 (other disorders of white blood cells)
130666-0.0	Source of report of D73 (diseases of spleen)
130668-0.0	Source of report of D74 (methaemoglobinaemia)
130670-0.0	Source of report of D75 (other diseases of blood and blood-forming organs)
130672-0.0	Source of report of D76 (certain diseases involving lymphoreticular tissue and reticulohistiocytic system)
130674-0.0	Source of report of D77 (other disorders of blood and blood-forming organs in diseases classified elsewhere)
130676-0.0	Source of report of D80 (immunodeficiency with predominantly antibody defects)
130678-0.0	Source of report of D81 (combined immunodeficiencies)
130680-0.0	Source of report of D82 (immunodeficiency associated with other major defects)
130682-0.0	Source of report of D83 (common variable immunodeficiency)
130684-0.0	Source of report of D84 (other immunodeficiencies)
130686-0.0	Source of report of D86 (sarcoidosis)
130688-0.0	"Source of report of D89 (other disorders involving the immune mechanism, not elsewhere classified)"
130692-0.0	Source of report of E01 (iodine-deficiency-related thyroid disorders and allied conditions)
130694-0.0	Source of report of E02 (subclinical iodine-deficiency hypothyroidism)
130696-0.0	Source of report of E03 (other hypothyroidism)
130698-0.0	Source of report of E04 (other non-toxic goitre)
130700-0.0	Source of report of E05 (thyrotoxicosis [hyperthyroidism])
130702-0.0	Source of report of E06 (thyroiditis)
130704-0.0	Source of report of E07 (other disorders of thyroid)
130706-0.0	Source of report of E10 (insulin-dependent diabetes mellitus)
130708-0.0	Source of report of E11 (non-insulin-dependent diabetes mellitus)
130710-0.0	Source of report of E12 (malnutrition-related diabetes mellitus)
130712-0.0	Source of report of E13 (other specified diabetes mellitus)
130714-0.0	Source of report of E14 (unspecified diabetes mellitus)
130716-0.0	Source of report of E15 (nondiabetic hypoglycaemic coma)
130718-0.0	Source of report of E16 (other disorders of pancreatic internal secretion)
130720-0.0	Source of report of E20 (hypoparathyroidism)
130722-0.0	Source of report of E21 (hyperparathyroidism and other disorders of parathyroid gland)
130724-0.0	Source of report of E22 (hyperfunction of pituitary gland)
130726-0.0	Source of report of E23 (hypofunction and other disorders of pituitary gland)
130728-0.0	Source of report of E24 (cushing's syndrome)
130730-0.0	Source of report of E25 (adrenogenital disorders)
130732-0.0	Source of report of E26 (hyperaldosteronism)
130734-0.0	Source of report of E27 (other disorders of adrenal gland)
130736-0.0	Source of report of E28 (ovarian dysfunction)
130738-0.0	Source of report of E29 (testicular dysfunction)
130740-0.0	"Source of report of E30 (disorders of puberty, not elsewhere classified)"
130742-0.0	Source of report of E31 (polyglandular dysfunction)
130744-0.0	Source of report of E32 (diseases of thymus)
130746-0.0	Source of report of E34 (other endocrine disorders)
130748-0.0	Source of report of E35 (disorders of endocrine glands in diseases classified elsewhere)
130752-0.0	Source of report of E41 (nutritional marasmus)
130756-0.0	Source of report of E43 (unspecified severe protein-energy malnutrition)
130758-0.0	Source of report of E44 (protein-energy malnutrition of moderate and mild degree)
130760-0.0	Source of report of E45 (retarded development following protein-energy malnutrition)
130762-0.0	Source of report of E46 (unspecified protein-energy malnutrition)
130764-0.0	Source of report of E50 (vitamin a deficiency)
130766-0.0	Source of report of E51 (thiamine deficiency)
130768-0.0	Source of report of E52 (niacin deficiency [pellagra])
130770-0.0	Source of report of E53 (deficiency of other b group vitamins)
130772-0.0	Source of report of E54 (ascorbic acid deficiency)
130774-0.0	Source of report of E55 (vitamin d deficiency)
130776-0.0	Source of report of E56 (other vitamin deficiencies)
130778-0.0	Source of report of E58 (dietary calcium deficiency)
130780-0.0	Source of report of E59 (dietary selenium deficiency)
130782-0.0	Source of report of E60 (dietary zinc deficiency)
130784-0.0	Source of report of E61 (deficiency of other nutrient elements)
130786-0.0	Source of report of E63 (other nutritional deficiencies)
130788-0.0	Source of report of E64 (sequelae of malnutrition and other nutritional deficiencies)
130790-0.0	Source of report of E65 (localised adiposity)
130792-0.0	Source of report of E66 (obesity)
130794-0.0	Source of report of E67 (other hyperalimentation)
130796-0.0	Source of report of E68 (sequelae of hyperalimentation)
130798-0.0	Source of report of E70 (disorders of aromatic amino-acid metabolism)
130800-0.0	Source of report of E71 (disorders of branched-chain amino-acid metabolism and fatty-acid metabolism)
130802-0.0	Source of report of E72 (other disorders of amino-acid metabolism)
130804-0.0	Source of report of E73 (lactose intolerance)
130806-0.0	Source of report of E74 (other disorders of carbohydrate metabolism)
130808-0.0	Source of report of E75 (disorders of sphingolipid metabolism and other lipid storage disorders)
130810-0.0	Source of report of E76 (disorders of glycosaminoglycan metabolism)
130812-0.0	Source of report of E77 (disorders of glycoprotein metabolism)
130814-0.0	Source of report of E78 (disorders of lipoprotein metabolism and other lipidaemias)
130816-0.0	Source of report of E79 (disorders of purine and pyrimidine metabolism)
130818-0.0	Source of report of E80 (disorders of porphyrin and bilirubin metabolism)
130820-0.0	Source of report of E83 (disorders of mineral metabolism)
130822-0.0	Source of report of E84 (cystic fibrosis)
130824-0.0	Source of report of E85 (amyloidosis)
130826-0.0	Source of report of E86 (volume depletion)
130828-0.0	"Source of report of E87 (other disorders of fluid, electrolyte and acid-base balance)"
130830-0.0	Source of report of E88 (other metabolic disorders)
130832-0.0	"Source of report of E89 (postprocedural endocrine and metabolic disorders, not elsewhere classified)"
130836-0.0	Source of report of F00 (dementia in alzheimer's disease)
130838-0.0	Source of report of F01 (vascular dementia)
130840-0.0	Source of report of F02 (dementia in other diseases classified elsewhere)
130842-0.0	Source of report of F03 (unspecified dementia)
130844-0.0	"Source of report of F04 (organic amnesic syndrome, not induced by alcohol and other psychoactive substances)"
130846-0.0	"Source of report of F05 (delirium, not induced by alcohol and other psychoactive substances)"
130848-0.0	Source of report of F06 (other mental disorders due to brain damage and dysfunction and to physical disease)
130850-0.0	"Source of report of F07 (personality and behavioural disorders due to brain disease, damage and dysfunction)"
130852-0.0	Source of report of F09 (unspecified organic or symptomatic mental disorder)
130854-0.0	Source of report of F10 (mental and behavioural disorders due to use of alcohol)
130856-0.0	Source of report of F11 (mental and behavioural disorders due to use of opioids)
130858-0.0	Source of report of F12 (mental and behavioural disorders due to use of cannabinoids)
130860-0.0	Source of report of F13 (mental and behavioural disorders due to use of sedatives or hypnotics)
130862-0.0	Source of report of F14 (mental and behavioural disorders due to use of cocaine)
130864-0.0	"Source of report of F15 (mental and behavioural disorders due to use of other stimulants, including caffeine)"
130866-0.0	Source of report of F16 (mental and behavioural disorders due to use of hallucinogens)
130868-0.0	Source of report of F17 (mental and behavioural disorders due to use of tobacco)
130870-0.0	Source of report of F18 (mental and behavioural disorders due to use of volatile solvents)
130872-0.0	Source of report of F19 (mental and behavioural disorders due to multiple drug use and use of other psychoactive substances)
130874-0.0	Source of report of F20 (schizophrenia)
130876-0.0	Source of report of F21 (schizotypal disorder)
130878-0.0	Source of report of F22 (persistent delusional disorders)
130880-0.0	Source of report of F23 (acute and transient psychotic disorders)
130882-0.0	Source of report of F24 (induced delusional disorder)
130884-0.0	Source of report of F25 (schizoaffective disorders)
130886-0.0	Source of report of F28 (other nonorganic psychotic disorders)
130888-0.0	Source of report of F29 (unspecified nonorganic psychosis)
130890-0.0	Source of report of F30 (manic episode)
130892-0.0	Source of report of F31 (bipolar affective disorder)
130894-0.0	Source of report of F32 (depressive episode)
130896-0.0	Source of report of F33 (recurrent depressive disorder)
130898-0.0	Source of report of F34 (persistent mood [affective] disorders)
130900-0.0	Source of report of F38 (other mood [affective] disorders)
130902-0.0	Source of report of F39 (unspecified mood [affective] disorder)
130904-0.0	Source of report of F40 (phobic anxiety disorders)
130906-0.0	Source of report of F41 (other anxiety disorders)
130908-0.0	Source of report of F42 (obsessive-compulsive disorder)
130910-0.0	"Source of report of F43 (reaction to severe stress, and adjustment disorders)"
130912-0.0	Source of report of F44 (dissociative [conversion] disorders)
130914-0.0	Source of report of F45 (somatoform disorders)
130916-0.0	Source of report of F48 (other neurotic disorders)
130918-0.0	Source of report of F50 (eating disorders)
130920-0.0	Source of report of F51 (nonorganic sleep disorders)
130922-0.0	"Source of report of F52 (sexual dysfunction, not caused by organic disorder or disease)"
130924-0.0	"Source of report of F53 (mental and behavioural disorders associated with the puerperium, not elsewhere classified)"
130926-0.0	Source of report of F54 (psychological and behavioural factors associated with disorders or diseases classified elsewhere)
130928-0.0	Source of report of F55 (abuse of non-dependence-producing substances)
130930-0.0	Source of report of F59 (unspecified behavioural syndromes associated with physiological disturbances and physical factors)
130932-0.0	Source of report of F60 (specific personality disorders)
130934-0.0	Source of report of F61 (mixed and other personality disorders)
130936-0.0	"Source of report of F62 (enduring personality changes, not attributable to brain damage and disease)"
130938-0.0	Source of report of F63 (habit and impulse disorders)
130940-0.0	Source of report of F64 (gender identity disorders)
130942-0.0	Source of report of F65 (disorders of sexual preference)
130944-0.0	Source of report of F66 (psychological and behavioural disorders associated with sexual development and orientation)
130946-0.0	Source of report of F68 (other disorders of adult personality and behaviour)
130948-0.0	Source of report of F69 (unspecified disorder of adult personality and behaviour)
130950-0.0	Source of report of F70 (mild mental retardation)
130952-0.0	Source of report of F71 (moderate mental retardation)
130954-0.0	Source of report of F72 (severe mental retardation)
130958-0.0	Source of report of F78 (other mental retardation)
130960-0.0	Source of report of F79 (unspecified mental retardation)
130962-0.0	Source of report of F80 (specific developmental disorders of speech and language)
130964-0.0	Source of report of F81 (specific developmental disorders of scholastic skills)
130966-0.0	Source of report of F82 (specific developmental disorder of motor function)
130968-0.0	Source of report of F83 (mixed specific developmental disorders)
130970-0.0	Source of report of F84 (pervasive developmental disorders)
130972-0.0	Source of report of F88 (other disorders of psychological development)
130974-0.0	Source of report of F89 (unspecified disorder of psychological development)
130976-0.0	Source of report of F90 (hyperkinetic disorders)
130978-0.0	Source of report of F91 (conduct disorders)
130980-0.0	Source of report of F92 (mixed disorders of conduct and emotions)
130982-0.0	Source of report of F93 (emotional disorders with onset specific to childhood)
130984-0.0	Source of report of F94 (disorders of social functioning with onset specific to childhood and adolescence)
130986-0.0	Source of report of F95 (tic disorders)
130988-0.0	Source of report of F98 (other behavioural and emotional disorders with onset usually occurring in childhood and adolescence)
130990-0.0	"Source of report of F99 (mental disorder, not otherwise specified)"
130992-0.0	"Source of report of G00 (bacterial meningitis, not elsewhere classified)"
130994-0.0	Source of report of G01 (meningitis in bacterial diseases classified elsewhere)
130996-0.0	Source of report of G02 (meningitis in other infectious and parasitic diseases classified elsewhere)
130998-0.0	Source of report of G03 (meningitis due to other and unspecified causes)
131000-0.0	"Source of report of G04 (encephalitis, myelitis and encephalomyelitis)"
131002-0.0	"Source of report of G05 (encephalitis, myelitis and encephalomyelitis in diseases classified elsewhere)"
131004-0.0	Source of report of G06 (intracranial and intraspinal abscess and granuloma)
131006-0.0	Source of report of G07 (intracranial and intraspinal abscess and granuloma in diseases classified elsewhere)
131008-0.0	Source of report of G08 (intracranial and intraspinal phlebitis and thrombophlebitis)
131010-0.0	Source of report of G09 (sequelae of inflammatory diseases of central nervous system)
131012-0.0	Source of report of G10 (huntington's disease)
131014-0.0	Source of report of G11 (hereditary ataxia)
131016-0.0	Source of report of G12 (spinal muscular atrophy and related syndromes)
131018-0.0	Source of report of G13 (systemic atrophies primarily affecting central nervous system in diseases classified elsewhere)
131020-0.0	Source of report of G14 (postpolio syndrome)
131022-0.0	Source of report of G20 (parkinson's disease)
131024-0.0	Source of report of G21 (secondary parkinsonism)
131026-0.0	Source of report of G22 (parkinsonism in diseases classified elsewhere)
131028-0.0	Source of report of G23 (other degenerative diseases of basal ganglia)
131030-0.0	Source of report of G24 (dystonia)
131032-0.0	Source of report of G25 (other extrapyramidal and movement disorders)
131036-0.0	Source of report of G30 (alzheimer's disease)
131038-0.0	"Source of report of G31 (other degenerative diseases of nervous system, not elsewhere classified)"
131040-0.0	Source of report of G32 (other degenerative disorders of nervous system in diseases classified elsewhere)
131042-0.0	Source of report of G35 (multiple sclerosis)
131044-0.0	Source of report of G36 (other acute disseminated demyelination)
131046-0.0	Source of report of G37 (other demyelinating diseases of central nervous system)
131048-0.0	Source of report of G40 (epilepsy)
131050-0.0	Source of report of G41 (status epilepticus)
131052-0.0	Source of report of G43 (migraine)
131054-0.0	Source of report of G44 (other headache syndromes)
131056-0.0	Source of report of G45 (transient cerebral ischaemic attacks and related syndromes)
131058-0.0	Source of report of G46 (vascular syndromes of brain in cerebrovascular diseases)
131060-0.0	Source of report of G47 (sleep disorders)
131062-0.0	Source of report of G50 (disorders of trigeminal nerve)
131064-0.0	Source of report of G51 (facial nerve disorders)
131066-0.0	Source of report of G52 (disorders of other cranial nerves)
131068-0.0	Source of report of G53 (cranial nerve disorders in diseases classified elsewhere)
131070-0.0	Source of report of G54 (nerve root and plexus disorders)
131072-0.0	Source of report of G55 (nerve root and plexus compressions in diseases classified elsewhere)
131074-0.0	Source of report of G56 (mononeuropathies of upper limb)
131076-0.0	Source of report of G57 (mononeuropathies of lower limb)
131078-0.0	Source of report of G58 (other mononeuropathies)
131080-0.0	Source of report of G59 (mononeuropathy in diseases classified elsewhere)
131082-0.0	Source of report of G60 (hereditary and idiopathic neuropathy)
131084-0.0	Source of report of G61 (inflammatory polyneuropathy)
131086-0.0	Source of report of G62 (other polyneuropathies)
131088-0.0	Source of report of G63 (polyneuropathy in diseases classified elsewhere)
131090-0.0	Source of report of G64 (other disorders of peripheral nervous system)
131092-0.0	Source of report of G70 (myasthenia gravis and other myoneural disorders)
131094-0.0	Source of report of G71 (primary disorders of muscles)
131096-0.0	Source of report of G72 (other myopathies)
131098-0.0	Source of report of G73 (disorders of myoneural junction and muscle in diseases classified elsewhere)
131100-0.0	Source of report of G80 (infantile cerebral palsy)
131102-0.0	Source of report of G81 (hemiplegia)
131104-0.0	Source of report of G82 (paraplegia and tetraplegia)
131106-0.0	Source of report of G83 (other paralytic syndromes)
131108-0.0	Source of report of G90 (disorders of autonomic nervous system)
131110-0.0	Source of report of G91 (hydrocephalus)
131112-0.0	Source of report of G92 (toxic encephalopathy)
131114-0.0	Source of report of G93 (other disorders of brain)
131116-0.0	Source of report of G94 (other disorders of brain in diseases classified elsewhere)
131118-0.0	Source of report of G95 (other diseases of spinal cord)
131120-0.0	Source of report of G96 (other disorders of central nervous system)
131122-0.0	"Source of report of G97 (postprocedural disorders of nervous system, not elsewhere classified)"
131124-0.0	"Source of report of G98 (other disorders of nervous system, not elsewhere classified)"
131126-0.0	Source of report of G99 (other disorders of nervous system in diseases classified elsewhere)
131128-0.0	Source of report of H00 (hordeolum and chalazion)
131130-0.0	Source of report of H01 (other inflammation of eyelid)
131132-0.0	Source of report of H02 (other disorders of eyelid)
131134-0.0	Source of report of H03 (disorders of eyelid in diseases classified elsewhere)
131136-0.0	Source of report of H04 (disorders of lachrymal system)
131138-0.0	Source of report of H05 (disorders of orbit)
131140-0.0	Source of report of H06 (disorders of lachrymal system and orbit in diseases classified elsewhere)
131142-0.0	Source of report of H10 (conjunctivitis)
131144-0.0	Source of report of H11 (other disorders of conjunctiva)
131146-0.0	Source of report of H13 (disorders of conjunctiva in diseases classified elsewhere)
131148-0.0	Source of report of H15 (disorders of sclera)
131150-0.0	Source of report of H16 (keratitis)
131152-0.0	Source of report of H17 (corneal scars and opacities)
131154-0.0	Source of report of H18 (other disorders of cornea)
131156-0.0	Source of report of H19 (disorders of sclera and cornea in diseases classified elsewhere)
131158-0.0	Source of report of H20 (iridocyclitis)
131160-0.0	Source of report of H21 (other disorders of iris and ciliary body)
131162-0.0	Source of report of H22 (disorders of iris and ciliary body in diseases classified elsewhere)
131164-0.0	Source of report of H25 (senile cataract)
131166-0.0	Source of report of H26 (other cataract)
131168-0.0	Source of report of H27 (other disorders of lens)
131170-0.0	Source of report of H28 (cataract and other disorders of lens in diseases classified elsewhere)
131172-0.0	Source of report of H30 (chorioretinal inflammation)
131174-0.0	Source of report of H31 (other disorders of choroid)
131176-0.0	Source of report of H32 (chorioretinal disorders in diseases classified elsewhere)
131178-0.0	Source of report of H33 (retinal detachments and breaks)
131180-0.0	Source of report of H34 (retinal vascular occlusions)
131182-0.0	Source of report of H35 (other retinal disorders)
131184-0.0	Source of report of H36 (retinal disorders in diseases classified elsewhere)
131186-0.0	Source of report of H40 (glaucoma)
131188-0.0	Source of report of H42 (glaucoma in diseases classified elsewhere)
131190-0.0	Source of report of H43 (disorders of vitreous body)
131192-0.0	Source of report of H44 (disorders of globe)
131194-0.0	Source of report of H45 (disorders of vitreous body and globe in diseases classified elsewhere)
131196-0.0	Source of report of H46 (optic neuritis)
131198-0.0	Source of report of H47 (other disorders of optic [2nd] nerve and visual pathways)
131200-0.0	Source of report of H48 (disorders of optic [2nd] nerve and visual pathways in diseases classified elsewhere)
131202-0.0	Source of report of H49 (paralytic strabismus)
131204-0.0	Source of report of H50 (other strabismus)
131206-0.0	Source of report of H51 (other disorders of binocular movement)
131208-0.0	Source of report of H52 (disorders of refraction and accommodation)
131210-0.0	Source of report of H53 (visual disturbances)
131212-0.0	Source of report of H54 (blindness and low vision)
131214-0.0	Source of report of H55 (nystagmus and other irregular eye movements)
131216-0.0	Source of report of H57 (other disorders of eye and adnexa)
131218-0.0	Source of report of H58 (other disorders of eye and adnexa in diseases classified elsewhere)
131220-0.0	"Source of report of H59 (postprocedural disorders of eye and adnexa, not elsewhere classified)"
131222-0.0	Source of report of H60 (otitis externa)
131224-0.0	Source of report of H61 (other disorders of external ear)
131226-0.0	Source of report of H62 (disorders of external ear in diseases classified elsewhere)
131228-0.0	Source of report of H65 (nonsuppurative otitis media)
131230-0.0	Source of report of H66 (suppurative and unspecified otitis media)
131232-0.0	Source of report of H67 (otitis media in diseases classified elsewhere)
131234-0.0	Source of report of H68 (eustachian salpingitis and obstruction)
131236-0.0	Source of report of H69 (other disorders of eustachian tube)
131238-0.0	Source of report of H70 (mastoiditis and related conditions)
131240-0.0	Source of report of H71 (cholesteatoma of middle ear)
131242-0.0	Source of report of H72 (perforation of tympanic membrane)
131244-0.0	Source of report of H73 (other disorders of tympanic membrane)
131246-0.0	Source of report of H74 (other disorders of middle ear and mastoid)
131248-0.0	Source of report of H75 (other disorders of middle ear and mastoid in diseases classified elsewhere)
131250-0.0	Source of report of H80 (otosclerosis)
131252-0.0	Source of report of H81 (disorders of vestibular function)
131254-0.0	Source of report of H82 (vertiginous syndromes in diseases classified elsewhere)
131256-0.0	Source of report of H83 (other diseases of inner ear)
131258-0.0	Source of report of H90 (conductive and sensorineural hearing loss)
131260-0.0	Source of report of H91 (other hearing loss)
131262-0.0	Source of report of H92 (otalgia and effusion of ear)
131264-0.0	"Source of report of H93 (other disorders of ear, not elsewhere classified)"
131266-0.0	Source of report of H94 (other disorders of ear in diseases classified elsewhere)
131268-0.0	"Source of report of H95 (postprocedural disorders of ear and mastoid process, not elsewhere classified)"
131270-0.0	Source of report of I00 (rheumatic fever without mention of heart involvement)
131272-0.0	Source of report of I01 (rheumatic fever with heart involvement)
131274-0.0	Source of report of I02 (rheumatic chorea)
131276-0.0	Source of report of I05 (rheumatic mitral valve diseases)
131278-0.0	Source of report of I06 (rheumatic aortic valve diseases)
131280-0.0	Source of report of I07 (rheumatic tricuspid valve diseases)
131282-0.0	Source of report of I08 (multiple valve diseases)
131284-0.0	Source of report of I09 (other rheumatic heart diseases)
131286-0.0	Source of report of I10 (essential (primary) hypertension)
131288-0.0	Source of report of I11 (hypertensive heart disease)
131290-0.0	Source of report of I12 (hypertensive renal disease)
131292-0.0	Source of report of I13 (hypertensive heart and renal disease)
131294-0.0	Source of report of I15 (secondary hypertension)
131296-0.0	Source of report of I20 (angina pectoris)
131298-0.0	Source of report of I21 (acute myocardial infarction)
131300-0.0	Source of report of I22 (subsequent myocardial infarction)
131302-0.0	Source of report of I23 (certain current complications following acute myocardial infarction)
131304-0.0	Source of report of I24 (other acute ischaemic heart diseases)
131306-0.0	Source of report of I25 (chronic ischaemic heart disease)
131308-0.0	Source of report of I26 (pulmonary embolism)
131310-0.0	Source of report of I27 (other pulmonary heart diseases)
131312-0.0	Source of report of I28 (other diseases of pulmonary vessels)
131314-0.0	Source of report of I30 (acute pericarditis)
131316-0.0	Source of report of I31 (other diseases of pericardium)
131318-0.0	Source of report of I32 (pericarditis in diseases classified elsewhere)
131320-0.0	Source of report of I33 (acute and subacute endocarditis)
131322-0.0	Source of report of I34 (nonrheumatic mitral valve disorders)
131324-0.0	Source of report of I35 (nonrheumatic aortic valve disorders)
131326-0.0	Source of report of I36 (nonrheumatic tricuspid valve disorders)
131328-0.0	Source of report of I37 (pulmonary valve disorders)
131330-0.0	"Source of report of I38 (endocarditis, valve unspecified)"
131332-0.0	Source of report of I39 (endocarditis and heart valve disorders in diseases classified elsewhere)
131334-0.0	Source of report of I40 (acute myocarditis)
131336-0.0	Source of report of I41 (myocarditis in diseases classified elsewhere)
131338-0.0	Source of report of I42 (cardiomyopathy)
131340-0.0	Source of report of I43 (cardiomyopathy in diseases classified elsewhere)
131342-0.0	Source of report of I44 (atrioventricular and left bundle-branch block)
131344-0.0	Source of report of I45 (other conduction disorders)
131346-0.0	Source of report of I46 (cardiac arrest)
131348-0.0	Source of report of I47 (paroxysmal tachycardia)
131350-0.0	Source of report of I48 (atrial fibrillation and flutter)
131352-0.0	Source of report of I49 (other cardiac arrhythmias)
131354-0.0	Source of report of I50 (heart failure)
131356-0.0	Source of report of I51 (complications and ill-defined descriptions of heart disease)
131358-0.0	Source of report of I52 (other heart disorders in diseases classified elsewhere)
131360-0.0	Source of report of I60 (subarachnoid haemorrhage)
131362-0.0	Source of report of I61 (intracerebral haemorrhage)
131364-0.0	Source of report of I62 (other nontraumatic intracranial haemorrhage)
131366-0.0	Source of report of I63 (cerebral infarction)
131368-0.0	"Source of report of I64 (stroke, not specified as haemorrhage or infarction)"
131370-0.0	"Source of report of I65 (occlusion and stenosis of precerebral arteries, not resulting in cerebral infarction)"
131372-0.0	"Source of report of I66 (occlusion and stenosis of cerebral arteries, not resulting in cerebral infarction)"
131374-0.0	Source of report of I67 (other cerebrovascular diseases)
131376-0.0	Source of report of I68 (cerebrovascular disorders in diseases classified elsewhere)
131378-0.0	Source of report of I69 (sequelae of cerebrovascular disease)
131380-0.0	Source of report of I70 (atherosclerosis)
131382-0.0	Source of report of I71 (aortic aneurysm and dissection)
131384-0.0	Source of report of I72 (other aneurysm)
131386-0.0	Source of report of I73 (other peripheral vascular diseases)
131388-0.0	Source of report of I74 (arterial embolism and thrombosis)
131390-0.0	Source of report of I77 (other disorders of arteries and arterioles)
131392-0.0	Source of report of I78 (diseases of capillaries)
131394-0.0	"Source of report of I79 (disorders of arteries, arterioles and capillaries in diseases classified elsewhere)"
131396-0.0	Source of report of I80 (phlebitis and thrombophlebitis)
131398-0.0	Source of report of I81 (portal vein thrombosis)
131400-0.0	Source of report of I82 (other venous embolism and thrombosis)
131402-0.0	Source of report of I83 (varicose veins of lower extremities)
131404-0.0	Source of report of I84 (haemorrhoids)
131406-0.0	Source of report of I85 (oesophageal varices)
131408-0.0	Source of report of I86 (varicose veins of other sites)
131410-0.0	Source of report of I87 (other disorders of veins)
131412-0.0	Source of report of I88 (nonspecific lymphadenitis)
131414-0.0	Source of report of I89 (other non-infective disorders of lymphatic vessels and lymph nodes)
131416-0.0	Source of report of I95 (hypotension)
131418-0.0	"Source of report of I97 (postprocedural disorders of circulatory system, not elsewhere classified)"
131420-0.0	Source of report of I98 (other disorders of circulatory system in diseases classified elsewhere)
131422-0.0	Source of report of I99 (other and unspecified disorders of circulatory system)
131424-0.0	Source of report of J00 (acute nasopharyngitis [common cold])
131426-0.0	Source of report of J01 (acute sinusitis)
131428-0.0	Source of report of J02 (acute pharyngitis)
131430-0.0	Source of report of J03 (acute tonsillitis)
131432-0.0	Source of report of J04 (acute laryngitis and tracheitis)
131434-0.0	Source of report of J05 (acute obstructive laryngitis [croup] and epiglottitis)
131436-0.0	Source of report of J06 (acute upper respiratory infections of multiple and unspecified sites)
131438-0.0	Source of report of J09 (influenza due to certain identified influenza virus)
131440-0.0	Source of report of J10 (influenza due to identified influenza virus)
131442-0.0	"Source of report of J11 (influenza, virus not identified)"
131444-0.0	"Source of report of J12 (viral pneumonia, not elsewhere classified)"
131446-0.0	Source of report of J13 (pneumonia due to streptococcus pneumoniae)
131448-0.0	Source of report of J14 (pneumonia due to haemophilus influenzae)
131450-0.0	"Source of report of J15 (bacterial pneumonia, not elsewhere classified)"
131452-0.0	"Source of report of J16 (pneumonia due to other infectious organisms, not elsewhere classified)"
131454-0.0	Source of report of J17 (pneumonia in diseases classified elsewhere)
131456-0.0	"Source of report of J18 (pneumonia, organism unspecified)"
131458-0.0	Source of report of J20 (acute bronchitis)
131460-0.0	Source of report of J21 (acute bronchiolitis)
131462-0.0	Source of report of J22 (unspecified acute lower respiratory infection)
131464-0.0	Source of report of J30 (vasomotor and allergic rhinitis)
131466-0.0	"Source of report of J31 (chronic rhinitis, nasopharyngitis and pharyngitis)"
131468-0.0	Source of report of J32 (chronic sinusitis)
131470-0.0	Source of report of J33 (nasal polyp)
131472-0.0	Source of report of J34 (other disorders of nose and nasal sinuses)
131474-0.0	Source of report of J35 (chronic diseases of tonsils and adenoids)
131476-0.0	Source of report of J36 (peritonsillar abscess)
131478-0.0	Source of report of J37 (chronic laryngitis and laryngotracheitis)
131480-0.0	"Source of report of J38 (diseases of vocal cords and larynx, not elsewhere classified)"
131482-0.0	Source of report of J39 (other diseases of upper respiratory tract)
131484-0.0	"Source of report of J40 (bronchitis, not specified as acute or chronic)"
131486-0.0	Source of report of J41 (simple and mucopurulent chronic bronchitis)
131488-0.0	Source of report of J42 (unspecified chronic bronchitis)
131490-0.0	Source of report of J43 (emphysema)
131492-0.0	Source of report of J44 (other chronic obstructive pulmonary disease)
131494-0.0	Source of report of J45 (asthma)
131496-0.0	Source of report of J46 (status asthmaticus)
131498-0.0	Source of report of J47 (bronchiectasis)
131500-0.0	Source of report of J60 (coalworker's pneumoconiosis)
131502-0.0	Source of report of J61 (pneumoconiosis due to asbestos and other mineral fibres)
131504-0.0	Source of report of J62 (pneumoconiosis due to dust containing silica)
131506-0.0	Source of report of J63 (pneumoconiosis due to other inorganic dusts)
131508-0.0	Source of report of J64 (unspecified pneumoconiosis)
131512-0.0	Source of report of J66 (airway disease due to specific organic dust)
131514-0.0	Source of report of J67 (hypersensitivity pneumonitis due to organic dust)
131516-0.0	"Source of report of J68 (respiratory conditions due to inhalation of chemicals, gases, fumes and vapours)"
131518-0.0	Source of report of J69 (pneumonitis due to solids and liquids)
131520-0.0	Source of report of J70 (respiratory conditions due to other external agents)
131522-0.0	Source of report of J80 (adult respiratory distress syndrome)
131524-0.0	Source of report of J81 (pulmonary oedema)
131526-0.0	"Source of report of J82 (pulmonary eosinophilia, not elsewhere classified)"
131528-0.0	Source of report of J84 (other interstitial pulmonary diseases)
131530-0.0	Source of report of J85 (abscess of lung and mediastinum)
131532-0.0	Source of report of J86 (pyothorax)
131534-0.0	"Source of report of J90 (pleural effusion, not elsewhere classified)"
131536-0.0	Source of report of J91 (pleural effusion in conditions classified elsewhere)
131538-0.0	Source of report of J92 (pleural plaque)
131540-0.0	Source of report of J93 (pneumothorax)
131542-0.0	Source of report of J94 (other pleural conditions)
131544-0.0	"Source of report of J95 (postprocedural respiratory disorders, not elsewhere classified)"
131546-0.0	"Source of report of J96 (respiratory failure, not elsewhere classified)"
131548-0.0	Source of report of J98 (other respiratory disorders)
131550-0.0	Source of report of J99 (respiratory disorders in diseases classified elsewhere)
131552-0.0	Source of report of K00 (disorders of tooth development and eruption)
131554-0.0	Source of report of K01 (embedded and impacted teeth)
131556-0.0	Source of report of K02 (dental caries)
131558-0.0	Source of report of K03 (other diseases of hard tissues of teeth)
131560-0.0	Source of report of K04 (diseases of pulp and periapical tissues)
131562-0.0	Source of report of K05 (gingivitis and periodontal diseases)
131564-0.0	Source of report of K06 (other disorders of gingiva and edentulous alveolar ridge)
131566-0.0	Source of report of K07 (dentofacial anomalies [including malocclusion])
131568-0.0	Source of report of K08 (other disorders of teeth and supporting structures)
131570-0.0	"Source of report of K09 (cysts of oral region, not elsewhere classified)"
131572-0.0	Source of report of K10 (other diseases of jaws)
131574-0.0	Source of report of K11 (diseases of salivary glands)
131576-0.0	Source of report of K12 (stomatitis and related lesions)
131578-0.0	Source of report of K13 (other diseases of lip and oral mucosa)
131580-0.0	Source of report of K14 (diseases of tongue)
131582-0.0	Source of report of K20 (oesophagitis)
131584-0.0	Source of report of K21 (gastro-oesophageal reflux disease)
131586-0.0	Source of report of K22 (other diseases of oesophagus)
131588-0.0	Source of report of K23 (disorders of oesophagus in diseases classified elsewhere)
131590-0.0	Source of report of K25 (gastric ulcer)
131592-0.0	Source of report of K26 (duodenal ulcer)
131594-0.0	"Source of report of K27 (peptic ulcer, site unspecified)"
131596-0.0	Source of report of K28 (gastrojejunal ulcer)
131598-0.0	Source of report of K29 (gastritis and duodenitis)
131600-0.0	Source of report of K30 (dyspepsia)
131602-0.0	Source of report of K31 (other diseases of stomach and duodenum)
131604-0.0	Source of report of K35 (acute appendicitis)
131606-0.0	Source of report of K36 (other appendicitis)
131608-0.0	Source of report of K37 (unspecified appendicitis)
131610-0.0	Source of report of K38 (other diseases of appendix)
131612-0.0	Source of report of K40 (inguinal hernia)
131614-0.0	Source of report of K41 (femoral hernia)
131616-0.0	Source of report of K42 (umbilical hernia)
131618-0.0	Source of report of K43 (ventral hernia)
131620-0.0	Source of report of K44 (diaphragmatic hernia)
131622-0.0	Source of report of K45 (other abdominal hernia)
131624-0.0	Source of report of K46 (unspecified abdominal hernia)
131626-0.0	Source of report of K50 (crohn's disease [regional enteritis])
131628-0.0	Source of report of K51 (ulcerative colitis)
131630-0.0	Source of report of K52 (other non-infective gastro-enteritis and colitis)
131632-0.0	Source of report of K55 (vascular disorders of intestine)
131634-0.0	Source of report of K56 (paralytic ileus and intestinal obstruction without hernia)
131636-0.0	Source of report of K57 (diverticular disease of intestine)
131638-0.0	Source of report of K58 (irritable bowel syndrome)
131640-0.0	Source of report of K59 (other functional intestinal disorders)
131642-0.0	Source of report of K60 (fissure and fistula of anal and rectal regions)
131644-0.0	Source of report of K61 (abscess of anal and rectal regions)
131646-0.0	Source of report of K62 (other diseases of anus and rectum)
131648-0.0	Source of report of K63 (other diseases of intestine)
131650-0.0	Source of report of K64 (haemorrhoids and perianal venous thrombosis)
131652-0.0	Source of report of K65 (peritonitis)
131654-0.0	Source of report of K66 (other disorders of peritoneum)
131656-0.0	Source of report of K67 (disorders of peritoneum in infectious diseases classified elsewhere)
131658-0.0	Source of report of K70 (alcoholic liver disease)
131660-0.0	Source of report of K71 (toxic liver disease)
131662-0.0	"Source of report of K72 (hepatic failure, not elsewhere classified)"
131664-0.0	"Source of report of K73 (chronic hepatitis, not elsewhere classified)"
131666-0.0	Source of report of K74 (fibrosis and cirrhosis of liver)
131668-0.0	Source of report of K75 (other inflammatory liver diseases)
131670-0.0	Source of report of K76 (other diseases of liver)
131672-0.0	Source of report of K77 (liver disorders in diseases classified elsewhere)
131674-0.0	Source of report of K80 (cholelithiasis)
131676-0.0	Source of report of K81 (cholecystitis)
131678-0.0	Source of report of K82 (other diseases of gallbladder)
131680-0.0	Source of report of K83 (other diseases of biliary tract)
131682-0.0	Source of report of K85 (acute pancreatitis)
131684-0.0	Source of report of K86 (other diseases of pancreas)
131686-0.0	"Source of report of K87 (disorders of gallbladder, biliary tract and pancreas in diseases classified elsewhere)"
131688-0.0	Source of report of K90 (intestinal malabsorption)
131690-0.0	"Source of report of K91 (postprocedural disorders of digestive system, not elsewhere classified)"
131692-0.0	Source of report of K92 (other diseases of digestive system)
131694-0.0	Source of report of K93 (disorders of other digestive organs in diseases classified elsewhere)
131696-0.0	Source of report of L00 (staphylococcal scalded skin syndrome)
131698-0.0	Source of report of L01 (impetigo)
131700-0.0	"Source of report of L02 (cutaneous abscess, furuncle and carbuncle)"
131702-0.0	Source of report of L03 (cellulitis)
131704-0.0	Source of report of L04 (acute lymphadenitis)
131706-0.0	Source of report of L05 (pilonidal cyst)
131708-0.0	Source of report of L08 (other local infections of skin and subcutaneous tissue)
131710-0.0	Source of report of L10 (pemphigus)
131712-0.0	Source of report of L11 (other acantholytic disorders)
131714-0.0	Source of report of L12 (pemphigoid)
131716-0.0	Source of report of L13 (other bullous disorders)
131718-0.0	Source of report of L14 (bullous disorders in diseases classified elsewhere)
131720-0.0	Source of report of L20 (atopic dermatitis)
131722-0.0	Source of report of L21 (seborrhoeic dermatitis)
131724-0.0	Source of report of L22 (diaper [napkin] dermatitis)
131726-0.0	Source of report of L23 (allergic contact dermatitis)
131728-0.0	Source of report of L24 (irritant contact dermatitis)
131730-0.0	Source of report of L25 (unspecified contact dermatitis)
131732-0.0	Source of report of L26 (exfoliative dermatitis)
131734-0.0	Source of report of L27 (dermatitis due to substances taken internally)
131736-0.0	Source of report of L28 (lichen simplex chronicus and prurigo)
131738-0.0	Source of report of L29 (pruritus)
131740-0.0	Source of report of L30 (other dermatitis)
131742-0.0	Source of report of L40 (psoriasis)
131744-0.0	Source of report of L41 (parapsoriasis)
131746-0.0	Source of report of L42 (pityriasis rosea)
131748-0.0	Source of report of L43 (lichen planus)
131750-0.0	Source of report of L44 (other papulosquamous disorders)
131754-0.0	Source of report of L50 (urticaria)
131756-0.0	Source of report of L51 (erythema multiforme)
131758-0.0	Source of report of L52 (erythema nodosum)
131760-0.0	Source of report of L53 (other erythematous conditions)
131762-0.0	Source of report of L54 (erythema in diseases classified elsewhere)
131764-0.0	Source of report of L55 (sunburn)
131766-0.0	Source of report of L56 (other acute skin changes due to ultraviolet radiation)
131768-0.0	Source of report of L57 (skin changes due to chronic exposure to nonionising radiation)
131770-0.0	Source of report of L58 (radiodermatitis)
131772-0.0	Source of report of L59 (other disorders of skin and subcutaneous tissue related to radiation)
131774-0.0	Source of report of L60 (nail disorders)
131776-0.0	Source of report of L62 (nail disorders in diseases classified elsewhere)
131778-0.0	Source of report of L63 (alopecia areata)
131780-0.0	Source of report of L64 (androgenic alopecia)
131782-0.0	Source of report of L65 (other nonscarring hair loss)
131784-0.0	Source of report of L66 (cicatricial alopecia [scarring hair loss])
131786-0.0	Source of report of L67 (hair colour and hair shaft abnormalities)
131788-0.0	Source of report of L68 (hypertrichosis)
131790-0.0	Source of report of L70 (acne)
131792-0.0	Source of report of L71 (rosacea)
131794-0.0	Source of report of L72 (follicular cysts of skin and subcutaneous tissue)
131796-0.0	Source of report of L73 (other follicular disorders)
131798-0.0	Source of report of L74 (eccrine sweat disorders)
131800-0.0	Source of report of L75 (apocrine sweat disorders)
131802-0.0	Source of report of L80 (vitiligo)
131804-0.0	Source of report of L81 (other disorders of pigmentation)
131806-0.0	Source of report of L82 (seborrhoeic keratosis)
131808-0.0	Source of report of L83 (acanthosis nigricans)
131810-0.0	Source of report of L84 (corns and callosities)
131812-0.0	Source of report of L85 (other epidermal thickening)
131814-0.0	Source of report of L86 (keratoderma in diseases classified elsewhere)
131816-0.0	Source of report of L87 (transepidermal elimination disorders)
131818-0.0	Source of report of L88 (pyoderma gangrenosum)
131820-0.0	Source of report of L89 (decubitus ulcer)
131822-0.0	Source of report of L90 (atrophic disorders of skin)
131824-0.0	Source of report of L91 (hypertrophic disorders of skin)
131826-0.0	Source of report of L92 (granulomatous disorders of skin and subcutaneous tissue)
131828-0.0	Source of report of L93 (lupus erythematosus)
131830-0.0	Source of report of L94 (other localised connective tissue disorders)
131832-0.0	"Source of report of L95 (vasculitis limited to skin, not elsewhere classified)"
131834-0.0	"Source of report of L97 (ulcer of lower limb, not elsewhere classified)"
131836-0.0	"Source of report of L98 (other disorders of skin and subcutaneous tissue, not elsewhere classified)"
131838-0.0	Source of report of L99 (other disorders of skin and subcutaneous tissue in diseases classified elsewhere)
131840-0.0	Source of report of M00 (pyogenic arthritis)
131842-0.0	Source of report of M01 (direct infections of joint in infectious and parasitic diseases classified elsewhere)
131844-0.0	Source of report of M02 (reactive arthropathies)
131846-0.0	Source of report of M03 (postinfective and reactive arthropathies in diseases classified elsewhere)
131848-0.0	Source of report of M05 (seropositive rheumatoid arthritis)
131850-0.0	Source of report of M06 (other rheumatoid arthritis)
131852-0.0	Source of report of M07 (psoriatic and enteropathic arthropathies)
131854-0.0	Source of report of M08 (juvenile arthritis)
131856-0.0	Source of report of M09 (juvenile arthritis in diseases classified elsewhere)
131858-0.0	Source of report of M10 (gout)
131860-0.0	Source of report of M11 (other crystal arthropathies)
131862-0.0	Source of report of M12 (other specific arthropathies)
131864-0.0	Source of report of M13 (other arthritis)
131866-0.0	Source of report of M14 (arthropathies in other diseases classified elsewhere)
131868-0.0	Source of report of M15 (polyarthrosis)
131870-0.0	Source of report of M16 (coxarthrosis [arthrosis of hip])
131872-0.0	Source of report of M17 (gonarthrosis [arthrosis of knee])
131874-0.0	Source of report of M18 (arthrosis of first carpometacarpal joint)
131876-0.0	Source of report of M19 (other arthrosis)
131878-0.0	Source of report of M20 (acquired deformities of fingers and toes)
131880-0.0	Source of report of M21 (other acquired deformities of limbs)
131882-0.0	Source of report of M22 (disorders of patella)
131884-0.0	Source of report of M23 (internal derangement of knee)
131886-0.0	Source of report of M24 (other specific joint derangements)
131888-0.0	"Source of report of M25 (other joint disorders, not elsewhere classified)"
131890-0.0	Source of report of M30 (polyarteritis nodosa and related conditions)
131892-0.0	Source of report of M31 (other necrotising vasculopathies)
131894-0.0	Source of report of M32 (systemic lupus erythematosus)
131896-0.0	Source of report of M33 (dermatopolymyositis)
131898-0.0	Source of report of M34 (systemic sclerosis)
131900-0.0	Source of report of M35 (other systemic involvement of connective tissue)
131902-0.0	Source of report of M36 (systemic disorders of connective tissue in diseases classified elsewhere)
131904-0.0	Source of report of M40 (kyphosis and lordosis)
131906-0.0	Source of report of M41 (scoliosis)
131908-0.0	Source of report of M42 (spinal osteochondrosis)
131910-0.0	Source of report of M43 (other deforming dorsopathies)
131912-0.0	Source of report of M45 (ankylosing spondylitis)
131914-0.0	Source of report of M46 (other inflammatory spondylopathies)
131916-0.0	Source of report of M47 (spondylosis)
131918-0.0	Source of report of M48 (other spondylopathies)
131920-0.0	Source of report of M49 (spondylopathies in diseases classified elsewhere)
131922-0.0	Source of report of M50 (cervical disk disorders)
131924-0.0	Source of report of M51 (other intervertebral disk disorders)
131926-0.0	"Source of report of M53 (other dorsopathies, not elsewhere classified)"
131928-0.0	Source of report of M54 (dorsalgia)
131930-0.0	Source of report of M60 (myositis)
131932-0.0	Source of report of M61 (calcification and ossification of muscle)
131934-0.0	Source of report of M62 (other disorders of muscle)
131936-0.0	Source of report of M63 (disorders of muscle in diseases classified elsewhere)
131938-0.0	Source of report of M65 (synovitis and tenosynovitis)
131940-0.0	Source of report of M66 (spontaneous rupture of synovium and tendon)
131942-0.0	Source of report of M67 (other disorders of synovium and tendon)
131944-0.0	Source of report of M68 (disorders of synovium and tendon in diseases classified elsewhere)
131946-0.0	"Source of report of M70 (soft tissue disorders related to use, overuse and pressure)"
131948-0.0	Source of report of M71 (other bursopathies)
131950-0.0	Source of report of M72 (fibroblastic disorders)
131952-0.0	Source of report of M73 (soft tissue disorders in diseases classified elsewhere)
131954-0.0	Source of report of M75 (shoulder lesions)
131956-0.0	"Source of report of M76 (enthesopathies of lower limb, excluding foot)"
131958-0.0	Source of report of M77 (other enthesopathies)
131960-0.0	"Source of report of M79 (other soft tissue disorders, not elsewhere classified)"
131962-0.0	Source of report of M80 (osteoporosis with pathological fracture)
131964-0.0	Source of report of M81 (osteoporosis without pathological fracture)
131966-0.0	Source of report of M82 (osteoporosis in diseases classified elsewhere)
131968-0.0	Source of report of M83 (adult osteomalacia)
131970-0.0	Source of report of M84 (disorders of continuity of bone)
131972-0.0	Source of report of M85 (other disorders of bone density and structure)
131974-0.0	Source of report of M86 (osteomyelitis)
131976-0.0	Source of report of M87 (osteonecrosis)
131978-0.0	Source of report of M88 (paget's disease of bone [osteitis deformans])
131980-0.0	Source of report of M89 (other disorders of bone)
131982-0.0	Source of report of M90 (osteopathies in diseases classified elsewhere)
131984-0.0	Source of report of M91 (juvenile osteochondrosis of hip and pelvis)
131986-0.0	Source of report of M92 (other juvenile osteochondrosis)
131988-0.0	Source of report of M93 (other osteochondropathies)
131990-0.0	Source of report of M94 (other disorders of cartilage)
131992-0.0	Source of report of M95 (other acquired deformities of musculoskeletal system and connective tissue)
131994-0.0	"Source of report of M96 (postprocedural musculoskeletal disorders, not elsewhere classified)"
131996-0.0	"Source of report of M99 (biomechanical lesions, not elsewhere classified)"
131998-0.0	Source of report of N00 (acute nephritic syndrome)
132000-0.0	Source of report of N01 (rapidly progressive nephritic syndrome)
132002-0.0	Source of report of N02 (recurrent and persistent haematuria)
132004-0.0	Source of report of N03 (chronic nephritic syndrome)
132006-0.0	Source of report of N04 (nephrotic syndrome)
132008-0.0	Source of report of N05 (unspecified nephritic syndrome)
132010-0.0	Source of report of N06 (isolated proteinuria with specified morphological lesion)
132012-0.0	"Source of report of N07 (hereditary nephropathy, not elsewhere classified)"
132014-0.0	Source of report of N08 (glomerular disorders in diseases classified elsewhere)
132016-0.0	Source of report of N10 (acute tubulo-interstitial nephritis)
132018-0.0	Source of report of N11 (chronic tubulo-interstitial nephritis)
132020-0.0	"Source of report of N12 (tubulo-interstitial nephritis, not specified as acute or chronic)"
132022-0.0	Source of report of N13 (obstructive and reflux uropathy)
132024-0.0	Source of report of N14 (drug- and heavy-metal-induced tubulo-interstitial and tubular conditions)
132026-0.0	Source of report of N15 (other renal tubulo-interstitial diseases)
132028-0.0	Source of report of N16 (renal tubulo-interstitial disorders in diseases classified elsewhere)
132030-0.0	Source of report of N17 (acute renal failure)
132032-0.0	Source of report of N18 (chronic renal failure)
132034-0.0	Source of report of N19 (unspecified renal failure)
132036-0.0	Source of report of N20 (calculus of kidney and ureter)
132038-0.0	Source of report of N21 (calculus of lower urinary tract)
132040-0.0	Source of report of N22 (calculus of urinary tract in diseases classified elsewhere)
132042-0.0	Source of report of N23 (unspecified renal colic)
132044-0.0	Source of report of N25 (disorders resulting from impaired renal tubular function)
132046-0.0	Source of report of N26 (unspecified contracted kidney)
132048-0.0	Source of report of N27 (small kidney of unknown cause)
132050-0.0	"Source of report of N28 (other disorders of kidney and ureter, not elsewhere classified)"
132052-0.0	Source of report of N29 (other disorders of kidney and ureter in diseases classified elsewhere)
132054-0.0	Source of report of N30 (cystitis)
132056-0.0	"Source of report of N31 (neuromuscular dysfunction of bladder, not elsewhere classified)"
132058-0.0	Source of report of N32 (other disorders of bladder)
132060-0.0	Source of report of N33 (bladder disorders in diseases classified elsewhere)
132062-0.0	Source of report of N34 (urethritis and urethral syndrome)
132064-0.0	Source of report of N35 (urethral stricture)
132066-0.0	Source of report of N36 (other disorders of urethra)
132068-0.0	Source of report of N37 (urethral disorders in diseases classified elsewhere)
132070-0.0	Source of report of N39 (other disorders of urinary system)
132072-0.0	Source of report of N40 (hyperplasia of prostate)
132074-0.0	Source of report of N41 (inflammatory diseases of prostate)
132076-0.0	Source of report of N42 (other disorders of prostate)
132078-0.0	Source of report of N43 (hydrocele and spermatocele)
132080-0.0	Source of report of N44 (torsion of testis)
132082-0.0	Source of report of N45 (orchitis and epididymitis)
132084-0.0	Source of report of N46 (male infertility)
132086-0.0	"Source of report of N47 (redundant prepuce, phimosis and paraphimosis)"
132088-0.0	Source of report of N48 (other disorders of penis)
132090-0.0	"Source of report of N49 (inflammatory disorders of male genital organs, not elsewhere classified)"
132092-0.0	Source of report of N50 (other disorders of male genital organs)
132094-0.0	Source of report of N51 (disorders of male genital organs in diseases classified elsewhere)
132096-0.0	Source of report of N60 (benign mammary dysplasia)
132098-0.0	Source of report of N61 (inflammatory disorders of breast)
132100-0.0	Source of report of N62 (hypertrophy of breast)
132102-0.0	Source of report of N63 (unspecified lump in breast)
132104-0.0	Source of report of N64 (other disorders of breast)
132106-0.0	Source of report of N70 (salpingitis and oophoritis)
132108-0.0	"Source of report of N71 (inflammatory disease of uterus, except cervix)"
132110-0.0	Source of report of N72 (inflammatory disease of cervix uteri)
132112-0.0	Source of report of N73 (other female pelvic inflammatory diseases)
132114-0.0	Source of report of N74 (female pelvic inflammatory disorders in diseases classified elsewhere)
132116-0.0	Source of report of N75 (diseases of bartholin's gland)
132118-0.0	Source of report of N76 (other inflammation of vagina and vulva)
132120-0.0	Source of report of N77 (vulvovaginal ulceration and inflammation in diseases classified elsewhere)
132122-0.0	Source of report of N80 (endometriosis)
132124-0.0	Source of report of N81 (female genital prolapse)
132126-0.0	Source of report of N82 (fistulae involving female genital tract)
132128-0.0	"Source of report of N83 (noninflammatory disorders of ovary, fallopian tube and broad ligament)"
132130-0.0	Source of report of N84 (polyp of female genital tract)
132132-0.0	"Source of report of N85 (other noninflammatory disorders of uterus, except cervix)"
132134-0.0	Source of report of N86 (erosion and ectropion of cervix uteri)
132136-0.0	Source of report of N87 (dysplasia of cervix uteri)
132138-0.0	Source of report of N88 (other noninflammatory disorders of cervix uteri)
132140-0.0	Source of report of N89 (other noninflammatory disorders of vagina)
132142-0.0	Source of report of N90 (other noninflammatory disorders of vulva and perineum)
132144-0.0	"Source of report of N91 (absent, scanty and rare menstruation)"
132146-0.0	"Source of report of N92 (excessive, frequent and irregular menstruation)"
132148-0.0	Source of report of N93 (other abnormal uterine and vaginal bleeding)
132150-0.0	Source of report of N94 (pain and other conditions associated with female genital organs and menstrual cycle)
132152-0.0	Source of report of N95 (menopausal and other perimenopausal disorders)
132154-0.0	Source of report of N96 (habitual aborter)
132156-0.0	Source of report of N97 (female infertility)
132158-0.0	Source of report of N98 (complications associated with artificial fertilisation)
132160-0.0	"Source of report of N99 (postprocedural disorders of genito-urinary system, not elsewhere classified)"
132162-0.0	Source of report of O00 (ectopic pregnancy)
132164-0.0	Source of report of O01 (hydatidiform mole)
132166-0.0	Source of report of O02 (other abnormal products of conception)
132168-0.0	Source of report of O03 (spontaneous abortion)
132170-0.0	Source of report of O04 (medical abortion)
132172-0.0	Source of report of O05 (other abortion)
132174-0.0	Source of report of O06 (unspecified abortion)
132176-0.0	Source of report of O07 (failed attempted abortion)
132178-0.0	Source of report of O08 (complications following abortion and ectopic and molar pregnancy)
132180-0.0	"Source of report of O10 (pre-existing hypertension complicating pregnancy, childbirth and the puerperium)"
132182-0.0	Source of report of O11 (pre-existing hypertensive disorder with superimposed proteinuria)
132184-0.0	Source of report of O12 (gestational [pregnancy-induced] oedema and proteinuria without hypertension)
132186-0.0	Source of report of O13 (gestational [pregnancy-induced] hypertension without significant proteinuria)
132188-0.0	Source of report of O14 (gestational [pregnancy-induced] hypertension with significant proteinuria)
132190-0.0	Source of report of O15 (eclampsia)
132192-0.0	Source of report of O16 (unspecified maternal hypertension)
132194-0.0	Source of report of O20 (haemorrhage in early pregnancy)
132196-0.0	Source of report of O21 (excessive vomiting in pregnancy)
132198-0.0	Source of report of O22 (venous complications in pregnancy)
132200-0.0	Source of report of O23 (infections of genito-urinary tract in pregnancy)
132202-0.0	Source of report of O24 (diabetes mellitus in pregnancy)
132204-0.0	Source of report of O25 (malnutrition in pregnancy)
132206-0.0	Source of report of O26 (maternal care for other conditions predominantly related to pregnancy)
132208-0.0	Source of report of O28 (abnormal findings on antenatal screening of mother)
132210-0.0	Source of report of O29 (complications of anaesthesia during pregnancy)
132212-0.0	Source of report of O30 (multiple gestation)
132214-0.0	Source of report of O31 (complications specific to multiple gestation)
132216-0.0	Source of report of O32 (maternal care for known or suspected malpresentation of foetus)
132218-0.0	Source of report of O33 (maternal care for known or suspected disproportion)
132220-0.0	Source of report of O34 (maternal care for known or suspected abnormality of pelvic organs)
132222-0.0	Source of report of O35 (maternal care for known or suspected foetal abnormality and damage)
132224-0.0	Source of report of O36 (maternal care for other known or suspected foetal problems)
132226-0.0	Source of report of O40 (polyhydramnios)
132228-0.0	Source of report of O41 (other disorders of amniotic fluid and membranes)
132230-0.0	Source of report of O42 (premature rupture of membranes)
132232-0.0	Source of report of O43 (placental disorders)
132234-0.0	Source of report of O44 (placenta praevia)
132236-0.0	Source of report of O45 (premature separation of placenta [abruptio placentae])
132238-0.0	"Source of report of O46 (antepartum haemorrhage, not elsewhere classified)"
132240-0.0	Source of report of O47 (false labour)
132242-0.0	Source of report of O48 (prolonged pregnancy)
132244-0.0	Source of report of O60 (preterm delivery)
132246-0.0	Source of report of O61 (failed induction of labour)
132248-0.0	Source of report of O62 (abnormalities of forces of labour)
132250-0.0	Source of report of O63 (long labour)
132252-0.0	Source of report of O64 (obstructed labour due to malposition and malpresentation of foetus)
132254-0.0	Source of report of O65 (obstructed labour due to maternal pelvic abnormality)
132256-0.0	Source of report of O66 (other obstructed labour)
132258-0.0	"Source of report of O67 (labour and delivery complicated by intrapartum haemorrhage, not elsewhere classified)"
132260-0.0	Source of report of O68 (labour and delivery complicated by foetal stress [distress])
132262-0.0	Source of report of O69 (labour and delivery complicated by umbilical cord complications)
132264-0.0	Source of report of O70 (perineal laceration during delivery)
132266-0.0	Source of report of O71 (other obstetric trauma)
132268-0.0	Source of report of O72 (postpartum haemorrhage)
132270-0.0	"Source of report of O73 (retained placenta and membranes, without haemorrhage)"
132272-0.0	Source of report of O74 (complications of anaesthesia during labour and delivery)
132274-0.0	"Source of report of O75 (other complications of labour and delivery, not elsewhere classified)"
132276-0.0	Source of report of O80 (single spontaneous delivery)
132278-0.0	Source of report of O81 (single delivery by forceps and vacuum extractor)
132280-0.0	Source of report of O82 (single delivery by caesarean section)
132282-0.0	Source of report of O83 (other assisted single delivery)
132284-0.0	Source of report of O84 (multiple delivery)
132286-0.0	Source of report of O85 (puerperal sepsis)
132288-0.0	Source of report of O86 (other puerperal infections)
132290-0.0	Source of report of O87 (venous complications in the puerperium)
132292-0.0	Source of report of O88 (obstetric embolism)
132294-0.0	Source of report of O89 (complications of anaesthesia during the puerperium)
132296-0.0	"Source of report of O90 (complications of the puerperium, not elsewhere classified)"
132298-0.0	Source of report of O91 (infections of breast associated with childbirth)
132300-0.0	Source of report of O92 (other disorders of breast and lactation associated with childbirth)
132302-0.0	"Source of report of O94 (sequelae of complication of pregnancy, childbirth and the puerperium)"
132306-0.0	Source of report of O96 (death from any obstetric cause occurring more than 42 days but less than one year after delivery)
132310-0.0	"Source of report of O98 (maternal infectious and parasitic diseases classifiable elsewhere but complicating pregnancy, childbirth and the puerperium)"
132312-0.0	"Source of report of O99 (other maternal diseases classifiable elsewhere but complicating pregnancy, childbirth and the puerperium)"
132314-0.0	Source of report of P00 (foetus and newborn affected by maternal conditions that may be unrelated to present pregnancy)
132318-0.0	"Source of report of P02 (foetus and newborn affected by complications of placenta, cord and membranes)"
132320-0.0	Source of report of P03 (foetus and newborn affected by other complications of labour and delivery)
132322-0.0	Source of report of P04 (foetus and newborn affected by noxious influences transmitted via placenta or breast milk)
132324-0.0	Source of report of P05 (slow foetal growth and foetal malnutrition)
132326-0.0	"Source of report of P07 (disorders related to short gestation and low birth weight, not elsewhere classified)"
132328-0.0	Source of report of P08 (disorders related to long gestation and high birth weight)
132330-0.0	Source of report of P10 (intracranial laceration and haemorrhage due to birth injury)
132332-0.0	Source of report of P11 (other birth injuries to central nervous system)
132334-0.0	Source of report of P12 (birth injury to scalp)
132336-0.0	Source of report of P13 (birth injury to skeleton)
132338-0.0	Source of report of P14 (birth injury to peripheral nervous system)
132340-0.0	Source of report of P15 (other birth injuries)
132342-0.0	Source of report of P20 (intra-uterine hypoxia)
132344-0.0	Source of report of P21 (birth asphyxia)
132346-0.0	Source of report of P22 (respiratory distress of newborn)
132348-0.0	Source of report of P23 (congenital pneumonia)
132350-0.0	Source of report of P24 (neonatal aspiration syndromes)
132352-0.0	Source of report of P25 (interstitial emphysema and related conditions originating in the perinatal period)
132354-0.0	Source of report of P26 (pulmonary haemorrhage originating in the perinatal period)
132356-0.0	Source of report of P27 (chronic respiratory disease originating in the perinatal period)
132358-0.0	Source of report of P28 (other respiratory conditions originating in the perinatal period)
132360-0.0	Source of report of P29 (cardiovascular disorders originating in the perinatal period)
132362-0.0	Source of report of P35 (congenital viral diseases)
132364-0.0	Source of report of P36 (bacterial sepsis of newborn)
132366-0.0	Source of report of P37 (other congenital infectious and parasitic diseases)
132368-0.0	Source of report of P38 (omphalitis of newborn with or without mild haemorrhage)
132370-0.0	Source of report of P39 (other infections specific to the perinatal period)
132372-0.0	Source of report of P50 (foetal blood loss)
132374-0.0	Source of report of P51 (umbilical haemorrhage of newborn)
132376-0.0	Source of report of P52 (intracranial nontraumatic haemorrhage of foetus and newborn)
132378-0.0	Source of report of P53 (haemorrhagic disease of foetus and newborn)
132380-0.0	Source of report of P54 (other neonatal haemorrhages)
132382-0.0	Source of report of P55 (haemolytic disease of foetus and newborn)
132388-0.0	Source of report of P58 (neonatal jaundice due to other excessive haemolysis)
132390-0.0	Source of report of P59 (neonatal jaundice from other and unspecified causes)
132394-0.0	Source of report of P61 (other perinatal haematological disorders)
132396-0.0	Source of report of P70 (transitory disorders of carbohydrate metabolism specific to foetus and newborn)
132398-0.0	Source of report of P71 (transitory neonatal disorders of calcium and magnesium metabolism)
132410-0.0	Source of report of P78 (other perinatal digestive system disorders)
132416-0.0	Source of report of P83 (other conditions of integument specific to foetus and newborn)
132420-0.0	Source of report of P91 (other disturbances of cerebral status of newborn)
132422-0.0	Source of report of P92 (feeding problems of newborn)
132426-0.0	Source of report of P94 (disorders of muscle tone of newborn)
132428-0.0	Source of report of P95 (foetal death of unspecified cause)
132430-0.0	Source of report of P96 (other conditions originating in the perinatal period)
132432-0.0	Source of report of Q00 (anencephaly and similar malformations)
132434-0.0	Source of report of Q01 (encephalocele)
132436-0.0	Source of report of Q02 (microcephaly)
132438-0.0	Source of report of Q03 (congenital hydrocephalus)
132440-0.0	Source of report of Q04 (other congenital malformations of brain)
132442-0.0	Source of report of Q05 (spina bifida)
132444-0.0	Source of report of Q06 (other congenital malformations of spinal cord)
132446-0.0	Source of report of Q07 (other congenital malformations of nervous system)
132448-0.0	"Source of report of Q10 (congenital malformations of eyelid, lachrymal apparatus and orbit)"
132450-0.0	"Source of report of Q11 (anophthalmos, microphthalmos and macrophthalmos)"
132452-0.0	Source of report of Q12 (congenital lens malformations)
132454-0.0	Source of report of Q13 (congenital malformations of anterior segment of eye)
132456-0.0	Source of report of Q14 (congenital malformations of posterior segment of eye)
132458-0.0	Source of report of Q15 (other congenital malformations of eye)
132460-0.0	Source of report of Q16 (congenital malformations of ear causing impairment of hearing)
132462-0.0	Source of report of Q17 (other congenital malformations of ear)
132464-0.0	Source of report of Q18 (other congenital malformations of face and neck)
132466-0.0	Source of report of Q20 (congenital malformations of cardiac chambers and connexions)
132468-0.0	Source of report of Q21 (congenital malformations of cardiac septa)
132470-0.0	Source of report of Q22 (congenital malformations of pulmonary and tricuspid valves)
132472-0.0	Source of report of Q23 (congenital malformations of aortic and mitral valves)
132474-0.0	Source of report of Q24 (other congenital malformations of heart)
132476-0.0	Source of report of Q25 (congenital malformations of great arteries)
132478-0.0	Source of report of Q26 (congenital malformations of great veins)
132480-0.0	Source of report of Q27 (other congenital malformations of peripheral vascular system)
132482-0.0	Source of report of Q28 (other congenital malformations of circulatory system)
132484-0.0	Source of report of Q30 (congenital malformations of nose)
132486-0.0	Source of report of Q31 (congenital malformations of larynx)
132488-0.0	Source of report of Q32 (congenital malformations of trachea and bronchus)
132490-0.0	Source of report of Q33 (congenital malformations of lung)
132492-0.0	Source of report of Q34 (other congenital malformations of respiratory system)
132494-0.0	Source of report of Q35 (cleft palate)
132496-0.0	Source of report of Q36 (cleft lip)
132498-0.0	Source of report of Q37 (cleft palate with cleft lip)
132500-0.0	"Source of report of Q38 (other congenital malformations of tongue, mouth and pharynx)"
132502-0.0	Source of report of Q39 (congenital malformations of oesophagus)
132504-0.0	Source of report of Q40 (other congenital malformations of upper alimentary tract)
132506-0.0	"Source of report of Q41 (congenital absence, atresia and stenosis of small intestine)"
132508-0.0	"Source of report of Q42 (congenital absence, atresia and stenosis of large intestine)"
132510-0.0	Source of report of Q43 (other congenital malformations of intestine)
132512-0.0	"Source of report of Q44 (congenital malformations of gallbladder, bile ducts and liver)"
132514-0.0	Source of report of Q45 (other congenital malformations of digestive system)
132516-0.0	"Source of report of Q50 (congenital malformations of ovaries, fallopian tubes and broad ligaments)"
132518-0.0	Source of report of Q51 (congenital malformations of uterus and cervix)
132520-0.0	Source of report of Q52 (other congenital malformations of female genitalia)
132522-0.0	Source of report of Q53 (undescended testicle)
132524-0.0	Source of report of Q54 (hypospadias)
132526-0.0	Source of report of Q55 (other congenital malformations of male genital organs)
132528-0.0	Source of report of Q56 (indeterminate sex and pseudohermaphroditism)
132530-0.0	Source of report of Q60 (renal agenesis and other reduction defects of kidney)
132532-0.0	Source of report of Q61 (cystic kidney disease)
132534-0.0	Source of report of Q62 (congenital obstructive defects of renal pelvis and congenital malformations of ureter)
132536-0.0	Source of report of Q63 (other congenital malformations of kidney)
132538-0.0	Source of report of Q64 (other congenital malformations of urinary system)
132540-0.0	Source of report of Q65 (congenital deformities of hip)
132542-0.0	Source of report of Q66 (congenital deformities of feet)
132544-0.0	"Source of report of Q67 (congenital musculoskeletal deformities of head, face, spine and chest)"
132546-0.0	Source of report of Q68 (other congenital musculoskeletal deformities)
132548-0.0	Source of report of Q69 (polydactyly)
132550-0.0	Source of report of Q70 (syndactyly)
132552-0.0	Source of report of Q71 (reduction defects of upper limb)
132554-0.0	Source of report of Q72 (reduction defects of lower limb)
132556-0.0	Source of report of Q73 (reduction defects of unspecified limb)
132558-0.0	Source of report of Q74 (other congenital malformations of limb(s))
132560-0.0	Source of report of Q75 (other congenital malformations of skull and face bones)
132562-0.0	Source of report of Q76 (congenital malformations of spine and bony thorax)
132564-0.0	Source of report of Q77 (osteochondrodysplasia with defects of growth of tubular bones and spine)
132566-0.0	Source of report of Q78 (other osteochondrodysplasias)
132568-0.0	"Source of report of Q79 (congenital malformations of musculoskeletal system, not elsewhere classified)"
132570-0.0	Source of report of Q80 (congenital ichthyosis)
132572-0.0	Source of report of Q81 (epidermolysis bullosa)
132574-0.0	Source of report of Q82 (other congenital malformations of skin)
132576-0.0	Source of report of Q83 (congenital malformations of breast)
132578-0.0	Source of report of Q84 (other congenital malformations of integument)
132580-0.0	"Source of report of Q85 (phakomatoses, not elsewhere classified)"
132582-0.0	"Source of report of Q86 (congenital malformation syndromes due to known exogenous causes, not elsewhere classified)"
132584-0.0	Source of report of Q87 (other specified congenital malformation syndromes affecting multiple systems)
132586-0.0	"Source of report of Q89 (other congenital malformations, not elsewhere classified)"
132588-0.0	Source of report of Q90 (down's syndrome)
132590-0.0	Source of report of Q91 (edwards' syndrome and patau's syndrome)
132592-0.0	"Source of report of Q92 (other trisomies and partial trisomies of the autosomes, not elsewhere classified)"
132594-0.0	"Source of report of Q93 (monosomies and deletions from the autosomes, not elsewhere classified)"
132596-0.0	"Source of report of Q95 (balanced rearrangements and structural markers, not elsewhere classified)"
132598-0.0	Source of report of Q96 (turner's syndrome)
132600-0.0	"Source of report of Q97 (other sex chromosome abnormalities, female phenotype, not elsewhere classified)"
132602-0.0	"Source of report of Q98 (other sex chromosome abnormalities, male phenotype, not elsewhere classified)"
132604-0.0	"Source of report of Q99 (other chromosome abnormalities, not elsewhere classified)"
